parcela,num,lon,lat,altitud_kml,dist_vecino_m,cuadrante,bbox_west,bbox_east,bbox_south,bbox_north
H1,1,-103.4874704375219,19.66316440676028,0.0,594.7192719417184,NE,-103.48837043752191,-103.4865704375219,19.66226440676028,19.664064406760282
H2,2,-103.4916814554342,19.65958480327006,0.0,594.7192719417184,NE,-103.4925814554342,-103.4907814554342,19.65868480327006,19.660484803270062
H3,3,-103.495946402958,19.64923190063498,0.0,267.2204830777435,NO,-103.496846402958,-103.495046402958,19.64833190063498,19.65013190063498
H4,4,-103.4934247600402,19.64892797006392,0.0,267.2204830777435,NE,-103.4943247600402,-103.4925247600402,19.648027970063918,19.64982797006392
H5,5,-103.4905412268389,19.64768676086755,0.0,272.5761069361056,NE,-103.4914412268389,-103.4896412268389,19.64678676086755,19.648586760867552
H6,6,-103.4931777628067,19.64498379789444,0.0,173.09207871085135,NE,-103.4940777628067,-103.4922777628067,19.64408379789444,19.64588379789444
H7,7,-103.4907449690666,19.64523781970015,0.0,195.78568095409042,NE,-103.4916449690666,-103.4898449690666,19.644337819700148,19.64613781970015
H8,8,-103.4919779953152,19.64391544066743,0.0,119.06385884058884,NE,-103.4928779953152,-103.4910779953152,19.64301544066743,19.644815440667433
H9,9,-103.4923312690368,19.64289593962869,0.0,119.06385884058884,NE,-103.4932312690368,-103.4914312690368,19.64199593962869,19.643795939628692
H10,10,-103.4935692151058,19.64326268753868,0.0,136.35581920589266,NO,-103.4944692151058,-103.49266921510579,19.64236268753868,19.64416268753868
H11,11,-103.4910115238732,19.63699143780181,0.0,589.4437809030748,NE,-103.4919115238732,-103.4901115238732,19.63609143780181,19.637891437801812
H12,12,-103.4866375453042,19.6423261120543,0.0,344.70014864660305,NE,-103.4875375453042,-103.4857375453042,19.641426112054297,19.6432261120543
H13,13,-103.4859554790877,19.63928751073353,0.0,344.70014864660305,NE,-103.48685547908771,-103.4850554790877,19.63838751073353,19.640187510733533
H14,14,-103.4783889889258,19.63810334260486,0.0,496.64717373514134,NE,-103.4792889889258,-103.4774889889258,19.63720334260486,19.639003342604862
H15,15,-103.4860570044078,19.63304594879294,0.0,606.3104276239468,NE,-103.4869570044078,-103.4851570044078,19.63214594879294,19.63394594879294
H16,16,-103.4780586924613,19.63363829304725,0.0,496.64717373514134,NE,-103.4789586924613,-103.4771586924613,19.63273829304725,19.634538293047253
H17,17,-103.4740222414965,19.64350681735759,0.0,313.31394479966633,NE,-103.4749222414965,-103.4731222414965,19.64260681735759,19.64440681735759
H18,18,-103.4727003353048,19.64603762240055,0.0,313.31394479966633,NE,-103.4736003353048,-103.47180033530479,19.645137622400547,19.64693762240055
H19,19,-103.4660382865516,19.64471242055359,0.0,313.08743661180796,NE,-103.4669382865516,-103.46513828655159,19.643812420553587,19.64561242055359
H20,20,-103.463262682718,19.64573564260593,0.0,313.08743661180796,NE,-103.464162682718,-103.462362682718,19.64483564260593,19.646635642605933
H21,21,-103.4659894961305,19.64156668442107,0.0,349.0764460829761,NE,-103.4668894961305,-103.4650894961305,19.640666684421067,19.64246668442107
H22,22,-103.466659499049,19.63841324577597,0.0,356.9123971941133,NE,-103.467559499049,-103.465759499049,19.637513245775967,19.63931324577597
H23,23,-103.4600574738049,19.64582256330241,0.0,337.07409106844256,NE,-103.4609574738049,-103.4591574738049,19.64492256330241,19.64672256330241
H24,24,-103.4659597724037,19.63458571520362,0.0,411.4872419864137,NE,-103.46685977240371,-103.4650597724037,19.63368571520362,19.63548571520362
H25,25,-103.4698151940444,19.6352254903721,0.0,311.72659821110886,NE,-103.4707151940444,-103.4689151940444,19.6343254903721,19.636125490372102
H26,26,-103.4725797498141,19.6375519816719,0.0,388.7217517382292,NE,-103.4734797498141,-103.4716797498141,19.6366519816719,19.638451981671903
H27,27,-103.4706206808633,19.63252169252172,0.0,311.72659821110886,NE,-103.4715206808633,-103.4697206808633,19.63162169252172,19.633421692521722
H28,28,-103.4667801634766,19.62924958680501,0.0,525.3865565712395,NE,-103.4676801634766,-103.4658801634766,19.628349586805008,19.63014958680501
H29,29,-103.4724550507898,19.62595823238879,0.0,221.73076277749496,NE,-103.4733550507898,-103.4715550507898,19.62505823238879,19.62685823238879
H30,30,-103.4673631977053,19.62454684136882,0.0,494.6199213622716,NE,-103.4682631977053,-103.4664631977053,19.623646841368817,19.62544684136882
H31,31,-103.4720322735746,19.62400044564311,0.0,221.73076277749496,NE,-103.4729322735746,-103.4711322735746,19.623100445643107,19.62490044564311
H32,32,-103.4767867508887,19.61959998384637,0.0,338.79422812437014,SE,-103.47768675088871,-103.4758867508887,19.61869998384637,19.620499983846372
H33,33,-103.4745293846265,19.61742108024948,0.0,297.99087764415276,SE,-103.47542938462651,-103.4736293846265,19.616521080249477,19.61832108024948
H34,34,-103.4717205538295,19.61706263447486,0.0,297.99087764415276,SE,-103.4726205538295,-103.4708205538295,19.616162634474858,19.61796263447486
H35,35,-103.4790615464518,19.62235761063883,0.0,388.3637927187204,NE,-103.4799615464518,-103.4781615464518,19.621457610638828,19.62325761063883
H36,36,-103.475737660252,19.61265718886245,0.0,268.02657638555837,SE,-103.476637660252,-103.47483766025199,19.61175718886245,19.61355718886245
H37,37,-103.4782759946473,19.61287910833094,0.0,268.02657638555837,SE,-103.4791759946473,-103.4773759946473,19.61197910833094,19.61377910833094
H38,38,-103.4814391298695,19.61351141813728,0.0,339.90760498696557,SE,-103.4823391298695,-103.4805391298695,19.612611418137277,19.61441141813728
H39,39,-103.4846383837301,19.61739633960506,0.0,407.6915057485933,SE,-103.4855383837301,-103.4837383837301,19.61649633960506,19.618296339605063
H40,40,-103.4865932661396,19.61422321757896,0.0,402.7447280733692,SE,-103.4874932661396,-103.48569326613959,19.61332321757896,19.61512321757896
H41,41,-103.4875908955098,19.60964441322967,0.0,174.0373706413644,SE,-103.4884908955098,-103.4866908955098,19.60874441322967,19.610544413229672
H42,42,-103.4889001524713,19.6171207933109,0.0,373.5369274264601,SE,-103.4898001524713,-103.4880001524713,19.616220793310898,19.6180207933109
H43,43,-103.4926481384631,19.61451845491155,0.0,256.6644844311322,SE,-103.4935481384631,-103.4917481384631,19.61361845491155,19.615418454911552
H44,44,-103.4912288771512,19.61263647892398,0.0,256.6644844311322,SE,-103.4921288771512,-103.4903288771512,19.61173647892398,19.613536478923983
H45,45,-103.489216124793,19.60934749359883,0.0,106.73967436742092,SE,-103.490116124793,-103.488316124793,19.608447493598828,19.61024749359883
H46,46,-103.4902280275767,19.60942413443004,0.0,106.73967436742092,SE,-103.4911280275767,-103.4893280275767,19.608524134430038,19.61032413443004
H47,47,-103.4924523306077,19.60921557442716,0.0,235.02547382184613,SE,-103.4933523306077,-103.4915523306077,19.60831557442716,19.610115574427162
H48,48,-103.4951061797037,19.60806269214817,0.0,306.9760163348829,SO,-103.4960061797037,-103.4942061797037,19.60716269214817,19.60896269214817
H49,49,-103.4988105532358,19.61498262970927,0.0,497.0975083001427,SO,-103.4997105532358,-103.4979105532358,19.61408262970927,19.615882629709272
H50,50,-103.5061892246769,19.61011338081553,0.0,370.32912631461704,SO,-103.5070892246769,-103.5052892246769,19.60921338081553,19.611013380815532
H51,51,-103.5087860622131,19.61961236528353,0.0,312.90794593093244,SO,-103.5096860622131,-103.5078860622131,19.61871236528353,19.62051236528353
H52,52,-103.506858857131,19.62373074157903,0.0,219.95549115705126,NO,-103.507758857131,-103.50595885713099,19.62283074157903,19.624630741579033
H53,53,-103.5039156451538,19.6220524419853,0.0,290.12350530968655,NO,-103.5048156451538,-103.5030156451538,19.6211524419853,19.6229524419853
H54,54,-103.5012333605017,19.621438862174,0.0,186.34467479904043,NO,-103.5021333605017,-103.5003333605017,19.620538862173998,19.622338862174
H55,55,-103.4994749950378,19.62164911694436,0.0,186.34467479904043,NO,-103.5003749950378,-103.4985749950378,19.62074911694436,19.622549116944363
H56,56,-103.4972616233209,19.61921532953394,0.0,235.40344089859443,SO,-103.4981616233209,-103.4963616233209,19.61831532953394,19.62011532953394
H57,57,-103.4950371159645,19.61897530908676,0.0,235.40344089859443,SO,-103.4959371159645,-103.49413711596449,19.61807530908676,19.619875309086762
H58,58,-103.4904304573702,19.62015890829346,0.0,343.172875732104,SE,-103.4913304573702,-103.4895304573702,19.61925890829346,19.621058908293463
H59,59,-103.4865543693567,19.62171827008233,0.0,371.5768636825562,NE,-103.4874543693567,-103.4856543693567,19.620818270082328,19.62261827008233
H60,60,-103.4983277084877,19.62410311838264,0.0,291.44942376641757,NO,-103.4992277084877,-103.49742770848769,19.623203118382637,19.62500311838264
H61,61,-103.4966882892999,19.62663965521857,0.0,330.0414339830469,NO,-103.4975882892999,-103.4957882892999,19.625739655218567,19.62753965521857
H62,62,-103.4923995903546,19.62574866158377,0.0,399.7040159941525,NE,-103.4932995903546,-103.4914995903546,19.62484866158377,19.626648661583772
H63,63,-103.4905956816595,19.62967479841514,0.0,475.1357813156737,NE,-103.4914956816595,-103.4896956816595,19.62877479841514,19.630574798415143
H64,64,-103.4897338139707,19.62318042476388,0.0,343.172875732104,NE,-103.4906338139707,-103.4888338139707,19.62228042476388,19.624080424763882
H65,65,-103.5006797215266,19.62549316602416,0.0,227.7918625880029,NO,-103.5015797215266,-103.4997797215266,19.62459316602416,19.62639316602416
H66,66,-103.5006843723593,19.62754606705777,0.0,227.7918625880029,NO,-103.5015843723593,-103.4997843723593,19.62664606705777,19.628446067057773
H67,67,-103.5006313932001,19.63204957316679,0.0,499.743347610078,NO,-103.5015313932001,-103.4997313932001,19.631149573166788,19.63294957316679
H68,68,-103.5041222734758,19.62764543878409,0.0,361.6240423718534,NO,-103.5050222734758,-103.5032222734758,19.626745438784088,19.62854543878409
H69,69,-103.5088931720352,19.62326850459801,0.0,213.03030309997058,NO,-103.5097931720352,-103.5079931720352,19.622368504598008,19.62416850459801
H70,70,-103.5081728823758,19.6263645881459,0.0,323.2662400012258,NO,-103.5090728823758,-103.5072728823758,19.6254645881459,19.627264588145902
H71,71,-103.5108963687992,19.62298058031248,0.0,213.03030309997058,NO,-103.5117963687992,-103.5099963687992,19.622080580312478,19.62388058031248
H72,72,-103.5088436795277,19.60791996745303,0.0,351.3197782169009,SO,-103.5097436795277,-103.5079436795277,19.607019967453027,19.60881996745303
H73,73,-103.5119994427884,19.60688026534045,0.0,348.0424368104057,SO,-103.5128994427884,-103.51109944278839,19.60598026534045,19.607780265340452
H74,74,-103.5034448997359,19.60589173726333,0.0,338.0400612683373,SO,-103.5043448997359,-103.5025448997359,19.60499173726333,19.606791737263332
H75,75,-103.5022381720191,19.60306803601581,0.0,338.0400612683373,SO,-103.5031381720191,-103.5013381720191,19.602168036015808,19.60396803601581
H76,76,-103.5080848952479,19.61379750235326,0.0,211.87496942976776,SO,-103.5089848952479,-103.5071848952479,19.61289750235326,19.614697502353263
H77,77,-103.5100682060295,19.61346016192836,0.0,87.8934909181633,SO,-103.5109682060295,-103.5091682060295,19.612560161928357,19.61436016192836
H78,78,-103.5105722727903,19.61409204222733,0.0,87.8934909181633,SO,-103.5114722727903,-103.5096722727903,19.61319204222733,19.614992042227332
H79,79,-103.5123741788091,19.61353215599024,0.0,199.39363900302985,SO,-103.5132741788091,-103.5114741788091,19.612632155990237,19.61443215599024
H80,80,-103.5110620628573,19.61779554429717,0.0,312.90794593093244,SO,-103.51196206285731,-103.5101620628573,19.61689554429717,19.61869554429717
H81,81,-103.513120060683,19.61991823018052,0.0,163.61559030322243,SO,-103.514020060683,-103.51222006068299,19.61901823018052,19.62081823018052
H82,82,-103.514415855126,19.62073465959264,0.0,163.61559030322243,SO,-103.515315855126,-103.513515855126,19.619834659592637,19.62163465959264
H83,83,-103.5148556403709,19.61823643269025,0.0,261.012930395943,SO,-103.5157556403709,-103.5139556403709,19.617336432690248,19.61913643269025
H84,84,-103.5173207877669,19.61655830108952,0.0,203.33289663956927,SO,-103.51822078776691,-103.5164207877669,19.615658301089518,19.61745830108952
H85,85,-103.515910301509,19.61530473873262,0.0,203.33289663956927,SO,-103.516810301509,-103.515010301509,19.614404738732617,19.61620473873262
H86,86,-103.5176299849256,19.6126488644727,0.0,345.7558695481578,SO,-103.5185299849256,-103.5167299849256,19.6117488644727,19.6135488644727
H87,87,-103.5147577998847,19.61074534974949,0.0,279.78050380291415,SO,-103.5156577998847,-103.5138577998847,19.609845349749488,19.61164534974949
H88,88,-103.51816450361,19.60922824229959,0.0,352.0368758096763,SO,-103.51906450361,-103.51726450361,19.60832824229959,19.61012824229959
H89,89,-103.5241137226966,19.60972792389859,0.0,196.99759949027714,SO,-103.5250137226966,-103.5232137226966,19.608827923898588,19.61062792389859
H90,90,-103.5257551584595,19.60887219704412,0.0,196.99759949027714,SO,-103.5266551584595,-103.5248551584595,19.60797219704412,19.609772197044123
H91,91,-103.5233747651936,19.6076221074036,0.0,246.25030015617278,SO,-103.5242747651936,-103.52247476519359,19.6067221074036,19.6085221074036
H92,92,-103.5215470361636,19.60560940953978,0.0,226.97855700484627,SO,-103.5224470361636,-103.5206470361636,19.60470940953978,19.606509409539782
H93,93,-103.526896999217,19.60208824925957,0.0,526.4885942053386,SO,-103.527796999217,-103.525996999217,19.601188249259568,19.60298824925957
H94,94,-103.5219082769416,19.60248937810072,0.0,260.67972512838827,SO,-103.5228082769416,-103.5210082769416,19.60158937810072,19.603389378100722
H95,95,-103.5188596816631,19.60312115256844,0.0,165.96620319016506,SO,-103.5197596816631,-103.5179596816631,19.60222115256844,19.604021152568443
H96,96,-103.520077159053,19.60407294309323,0.0,165.96620319016506,SO,-103.520977159053,-103.519177159053,19.603172943093227,19.60497294309323
H97,97,-103.5194188749723,19.60595122525007,0.0,219.61473131859742,SO,-103.5203188749723,-103.5185188749723,19.60505122525007,19.60685122525007
H98,98,-103.514985563467,19.60823320763247,0.0,279.78050380291415,SO,-103.515885563467,-103.51408556346699,19.60733320763247,19.60913320763247
H99,99,-103.5158544085341,19.60388855172959,0.0,327.29440650140293,SO,-103.5167544085341,-103.5149544085341,19.602988551729588,19.60478855172959
H100,100,-103.5003223970978,19.6382574968776,0.0,689.6014443915074,NO,-103.5012223970978,-103.4994223970978,19.6373574968776,19.6391574968776
